{
  "id": "_hakit_weather_components",
  "name": "_hakit_weather_components",
  "metaData": {
    "name": "_hakit_weather_components",
    "type": "app",
    "buildInfo": {
      "buildVersion": "0.0.0",
      "buildName": "@hakit/weather-components"
    },
    "remoteEntry": {
      "name": "static/js/_hakit_weather_components.16791c24.js",
      "path": "",
      "type": "var"
    },
    "types": {
      "path": "",
      "name": "",
      "zip": "",
      "api": ""
    },
    "globalName": "_hakit_weather_components",
    "pluginVersion": "0.7.7",
    "publicPath": "{{{_HAKIT_ASSET_PREFIX_}}}/"
  },
  "shared": [
    {
      "singleton": true,
      "requiredVersion": "^*",
      "shareScope": "default",
      "eager": false,
      "import": false,
      "name": "react",
      "version": "*",
      "id": "_hakit_weather_components:react",
      "assets": {
        "js": {
          "async": [],
          "sync": []
        },
        "css": {
          "async": [],
          "sync": []
        }
      },
      "usedIn": []
    }
  ],
  "remotes": [],
  "exposes": [
    {
      "path": "./WeatherCard",
      "id": "_hakit_weather_components:WeatherCard",
      "name": "WeatherCard",
      "requires": [],
      "file": "src/components/WeatherCard/index.tsx",
      "assets": {
        "js": {
          "sync": [
            "static/js/vendor.1db2cca2.js",
            "static/js/async/__federation_expose_WeatherCard.68aceb6e.js"
          ],
          "async": []
        },
        "css": {
          "sync": [],
          "async": []
        }
      }
    }
  ]
}